cliente,total_gasto,segmento
Cliente_044,81566.39,Ouro
Cliente_012,60766.89,Ouro
Cliente_024,51322.38,Ouro
Cliente_011,51320.06,Ouro
Cliente_036,49809.32,Ouro
Cliente_003,45692.56,Ouro
Cliente_034,44833.47,Ouro
Cliente_020,44713.51,Ouro
Cliente_019,40731.05,Ouro
Cliente_040,38309.24,Ouro
Cliente_009,37482.53,Ouro
Cliente_039,37226.36,Ouro
Cliente_050,36727.82,Ouro
Cliente_022,36526.8,Ouro
Cliente_007,35539.28,Ouro
Cliente_037,34603.17,Ouro
Cliente_016,34231.7,Ouro
Cliente_029,34114.75,Ouro
Cliente_005,30600.63,Ouro
Cliente_027,29668.22,Ouro
Cliente_018,29349.31,Ouro
Cliente_006,26735.86,Ouro
Cliente_047,25934.1,Ouro
Cliente_004,25121.94,Ouro
Cliente_042,24893.42,Ouro
Cliente_023,23074.8,Ouro
Cliente_041,21800.17,Ouro
Cliente_014,21730.32,Ouro
Cliente_008,21003.52,Ouro
Cliente_048,20544.22,Ouro
Cliente_033,19308.85,Ouro
Cliente_028,18580.29,Ouro
Cliente_032,18435.65,Ouro
Cliente_031,18432.7,Ouro
Cliente_038,15780.44,Ouro
Cliente_035,13631.01,Prata
Cliente_030,13449.47,Prata
Cliente_015,11774.4,Prata
Cliente_010,10969.73,Prata
Cliente_049,10901.09,Prata
Cliente_021,10247.61,Prata
Cliente_046,9472.65,Prata
Cliente_025,8398.18,Prata
Cliente_001,6682.94,Prata
Cliente_013,6449.54,Prata
Cliente_026,6301.56,Prata
Cliente_017,4354.48,Bronze
Cliente_045,1666.2,Bronze
Cliente_002,967.08,Bronze
